username,email,mastodon_id,country,role,token
dharper,daniel.harper@vwa.valdoria.gov,116364205847891191,valdoria,official,9hClWWonZQsNkySIOUHgMzqz_OgtstkOqG4yLxzfJ4k
mtorres,michael.torres@vwa.valdoria.gov,116364206164664067,valdoria,official,v9ddv1_E71gGxTCk3aGcTxYR9Oqqz8TZ9VJSRg9ftp8
smitchell,sarah.mitchell@vwa.valdoria.gov,116364206508187545,valdoria,official,xHg8ZToeUVpuGYSOS3_-jSA2fjcDZjZiLWbwSlHX74c
dchen,david.chen@vwa.valdoria.gov,116364206850335421,valdoria,official,G0_ekvWKQbYRsPhksbmYtSM_oO0BUoJiiJpVhPS63qU
ewatson,emily.watson@vwa.valdoria.gov,116364207184368030,valdoria,official,xLyi11d49NL55y7urhw8etXHhHcpR4tmJCOuz-ndL-w
rkim,rachel.kim@vwa.valdoria.gov,116364207559594208,valdoria,official,jnWAAlYaaWMCtBNswR7QxcHFqmS2PB5EBu1dqO3SR1s
jpark,jason.park@vwa.valdoria.gov,116364207923762381,valdoria,official,x8bUFvmw1wbVVjGEhPHQCWkp5wIpiNLyjpMVyeiGOmQ
lreyes,linda.reyes@vwa.valdoria.gov,116364208278578317,valdoria,official,9QXcSq91ciaOJsurh8NJvSuT3F1FWtXkMwMScdElPqY
byoo,brian.yoo@vwa.valdoria.gov,116364208629610823,valdoria,official,mwQgYsHJpTrSYMVnEe6KmIZUYj6ahMDd1HlWL9FfbXU
clowe,christine.lowe@vwa.valdoria.gov,116364208973151557,valdoria,official,2XdgCDWdHONhqR8IQKfMHGDQS7Szz8ts15dhJxxy_po
msullivan,mark.sullivan@vwa.valdoria.gov,116364209323993483,valdoria,official,nVO6_qj49eV3633lnaT9JIp9wIAKqSCE_6UrNR7h2lg
ykwon,yuna.kwon@vwa.valdoria.gov,116364209651828079,valdoria,official,74Wj_GtPfCeHI7lV2PUuRCKyCDc4Vj9PBD8XoHKb9ho
dowens,derek.owens@vwa.valdoria.gov,116364209983487149,valdoria,official,xSZN_C5u2uUBC2U8WZOO3UzLofss3au5jOKg9dcdcIs
hfields,hannah.fields@vwa.valdoria.gov,116364210322798441,valdoria,official,e_FJqy6NCIt4tiOg98oXMuJZXo-zRpjJ0giz7iqTJ2w
kcho,kevin.cho@vwa.valdoria.gov,116364210657127628,valdoria,official,q-6U8hdjMg4mNOWzJ5ww6A5CpggC3h_dQcNwMf8dtEI
jwhitfield,james.whitfield@mnd.valdoria.gov,116364211000965456,valdoria,military,WYv3meDqaec3W89ET2OJw_WP8wh-XdlnA0aEw4KOXVQ
rkang,robert.kang@mnd.valdoria.gov,116364211337758534,valdoria,military,rKrOolVFlJHm8hqvbeNYA_M8xhd59iR2In5smpkZF7w
slee,sarah.lee@mnd.valdoria.gov,116364211656748652,valdoria,military,pmzWL4aBsoZkltiXwbhLxe8wMMrcB6F1T6BGS4xltR0
dpark,david.park@mnd.valdoria.gov,116364211988648106,valdoria,military,NgVL0m5pQ2kKtXM2TH9-1aWjvLuH-wiXzb3tZC3qj1s
jchoi,jennifer.choi@mnd.valdoria.gov,116364212308378865,valdoria,military,LJBAFR5-eLsbUgCmpxD9OKDKwqkyE33CxU9EpZx52Ys
ajung,andrew.jung@mnd.valdoria.gov,116364212643224093,valdoria,military,AWdIydirUqtbhxI5_3xRZKt8HBJgF-PnWM-iWH9Fmqw
than,thomas.han@mnd.valdoria.gov,116364212975282639,valdoria,military,70zsA_irjL9N4NpsGFaxZBMJ2Ye69Fd8oKpeJrwtgrU
nbyrne,nathan.byrne@mnd.valdoria.gov,116364213303133359,valdoria,military,HZ-efHZyOMLXlS6Uky9K7r9tlAHMb7gUOG2ieEuKkJk
myoon,minjun.yoon@mnd.valdoria.gov,116364213628959221,valdoria,military,Y8Yp415MeGmb0j7XnIIUWJ49PzHGN-HVrWY8j_pYAc8
pnair,priya.nair@mnd.valdoria.gov,116364213998576445,valdoria,military,Z2TQpSFNjjwPs0Tfu7mWpcsAf_YSYde6MatiwrN3BRM
lgrant,lucas.grant@mnd.valdoria.gov,116364214396258984,valdoria,military,mU9q20rzRux6rAOPyetT7StMwnvcLDH4LuGNLfD-l6Q
ebaek,eunji.baek@mnd.valdoria.gov,116364214732143968,valdoria,military,xEOTSEMteCgRUjaBC5GIp28o0vPG-9GR4Tn5lRX2yuM
crivera,carlos.rivera@mnd.valdoria.gov,116364215098761937,valdoria,military,onxqfqFdEBTfGG7oha8m2U-YstQEfoJF31DQsea9wKg
hsong,hana.song@mnd.valdoria.gov,116364215464446411,valdoria,military,e_jH42V3wLCT9bxwiWgLoOV7x8MgYtgTiO7ttZcO4uI
rmarsh,ryan.marsh@mnd.valdoria.gov,116364215792136132,valdoria,military,HUQAeCDE8xIWYw-3PyLQmPDYNspV0UmrF6e4Ie37SS0
mthompson,mia.thompson@elaris-mail.vd,116364216142066921,valdoria,citizen,YvbpBJNHroT3bIipn2juumWANsDUnu2OqiCrJuvE3co
ecruz,ethan.cruz@elaris-mail.vd,116364216506588982,valdoria,citizen,hu52dt7EobIgXc6DAF_krVAO9uvE8mNFI2z67Buatjk
obennett,olivia.bennett@elaris-mail.vd,116364216839929838,valdoria,citizen,wOH5iKajNmxiEj412frHvtvHUOvflYNmQ1moyHkV9m0
nkim,noah.kim@valdoria-univ.edu.vd,116364217172991602,valdoria,citizen,Pn5VcYgKJpJw4_BQUjrArQJriDxCFBhB-YjxR-i0nrw
sreyes,sophia.reyes@elaris-mail.vd,116364217513763609,valdoria,citizen,55YjrovK-vjGGC3slXltRvb5KSCAa2r59d_MEbz4mMY
lfoster,liam.foster@elaris-mail.vd,116364217855039216,valdoria,citizen,0730MEMPJ3YJCFRQGyr62zBidVcJCujXTchJ8CBPY_I
amorales,ava.morales@elaris-mail.vd,116364218212296111,valdoria,citizen,s3Me-hgBsB4p-eND0hdYD315gsYCjmxYnZDHz0eczlg
jobrien,james.obrien@elaris-mail.vd,116364218552026342,valdoria,citizen,Y2p8eUuJ2NsMGfO4R3xkpqd74Qw27gW2myJLG5VOmVM
ichung,isabella.chung@elaris-mail.vd,116364218891954368,valdoria,citizen,tEQVtKrtkrWQprVIr80gMpBgJ73-ZPGw5YYlDSAgMIU
ahayes,alexander.hayes@elaris-mail.vd,116364219225728852,valdoria,citizen,B7m7KGl1yJSYkFDifadk1y6dLrg1z3BfOusXPSXRKCY
gpatel,grace.patel@elaris-mail.vd,116364219580478291,valdoria,citizen,i89Jdy6mIuABTX2vZ2YWe73yRmPEOuaekkl4w9Sns1U
wandersen,william.andersen@elaris-mail.vd,116364219918140627,valdoria,citizen,RQkaimxISbXU2a3wd_YA4L0IuJks3gItg8LOg_Y46Nc
cnakamura,chloe.nakamura@valdoria-univ.edu.vd,116364220254234966,valdoria,citizen,YMPeP5jLgWdYPlO5tuzm9KcaDiJGWuEai88Uky5oI74
bcole,benjamin.cole@elaris-mail.vd,116364220592865584,valdoria,citizen,pjZ0op-QNzf0B23tnQPUIV4vPxFKYLz75waiQyziyyY
esinclair,emma.sinclair@elaris-mail.vd,116364220916762980,valdoria,citizen,k79q6FWYh3jdmlfDOSSMLwSLwggydpKZo_B-8fnrBL8
dortega,daniel.ortega@elaris-mail.vd,116364221246191139,valdoria,citizen,WjzBSipESgfP-c57hRr_o2iFyZIDipgTmvqLngky8Y0
hmoon,hyejin.moon@elaris-mail.vd,116364221576967983,valdoria,citizen,qOdaq2a565xlJiTtCD_Bv_y3LVvbuXrRRWbbdDkRGZg
rquinn,robert.quinn@elaris-mail.vd,116364221906302405,valdoria,citizen,u94ngnAivboKm0cXR0I4qzA5VXfeifc7ao1kRzWzYzs
ltran,lily.tran@elaris-mail.vd,116364222235044004,valdoria,citizen,qtBb436aPftpOEALEli6u5NOtLRCDXhW5IXsa23Sk3o
mwebb,marcus.webb@elaris-mail.vd,116364222583702905,valdoria,citizen,53OhaS5Ipy-qAzOUjoNuOSPHALaEFAPgG22Rs5dYg7w
nfischer,naomi.fischer@valdoria-univ.edu.vd,116364222919407990,valdoria,citizen,AfzSJOaeUAruayZQukgGXQwOVoZ8Spap4POdGGtuwBw
gpalmer,george.palmer@elaris-mail.vd,116364223254615809,valdoria,citizen,PvF4qzeZWtM_OKiNhxlc5-2J3BOTt3p0icnNdBQ5GHA
sjang,sooyeon.jang@elaris-mail.vd,116364223585607110,valdoria,citizen,znrwuAUHn5n1n5b_ScnRQACohrAS3b1U8X9OGXZFbgk
tbrooks,tyler.brooks@elaris-mail.vd,116364223909784769,valdoria,citizen,d3mD3ykxMFg4OVx8eOjzt_IKDPjV6Mwkqr1x8qYwHmI
mlindstrom,margaret.lindstrom@elaris-mail.vd,116364224246803885,valdoria,citizen,tIZ4xXFVNl2UYjqD5pupC1RD5qHHpVlcn5rBPIoyZHg
cyang,chris.yang@elaris-mail.vd,116364224575748894,valdoria,citizen,LeqmFQhxbCABng4OK5RLX4OYI0cIYsNuYqpVizAKyT4
arahman,aisha.rahman@elaris-mail.vd,116364224892238648,valdoria,citizen,DvWjrgTRw2D0sxsKkZha-zc8--UYZPC1CCoNLwrgw2I
pwallace,peter.wallace@elaris-mail.vd,116364225206251646,valdoria,citizen,m5i-MA-Og6zxI2eknzOOfJjSDpRw1XmFrkuJpQxfTlA
jshin,jiwoo.shin@valdoria-univ.edu.vd,116364225522133006,valdoria,citizen,p1x2p5b-9HtYGH9CE4SaSaJfbb8oBhou3zLH1jCHhhw
dvoss,diana.voss@elaris-mail.vd,116364225855195967,valdoria,citizen,Adipx9KrdFTemkxtGZ77TmA7MnKTfoFOm9UssIGx9FY
sgrant,samuel.grant@elaris-mail.vd,116364226173407397,valdoria,citizen,T_tiUZyFV7d1Ys5-m_CgECmjovjh_Q3QfW3bSHBNv0Y
ytakeda,yuri.takeda@elaris-mail.vd,116364226493303739,valdoria,citizen,uN0xPDpiE0UBjbYrf8jqhc_cd5ou1UyF3qGNjjirmm0
afletcher,andrew.fletcher@elaris-mail.vd,116364226816821454,valdoria,citizen,7k6cPPJIz6ccNgUpfG8evN1u4d40AA-MGposvrSnxac
nhwang,natalie.hwang@elaris-mail.vd,116364227147084405,valdoria,citizen,kFkgB_2_3DJ4jCG8DDRqYb32TWXgLTLTVDa8cAxBtaM
hprice,harold.price@elaris-mail.vd,116364227477791126,valdoria,citizen,TWzU8EXCkwdhfwcq9IFR7fljsB8pft2DZlZ7M8Rw6Vo
jliu,jenny.liu@elaris-mail.vd,116364227800328711,valdoria,citizen,mUHWQbRbxAyHjOiINFEgTnGKrobO61w4CmVlgX4y6X0
kross,kenneth.ross@elaris-mail.vd,116364228121565965,valdoria,citizen,vb9DJTi5sjVD0qBc_JSGiDegWpyAxA07KeKkOhKJGsg
spark,seoyun.park@valdoria-univ.edu.vd,116364228441877482,valdoria,citizen,e5iV5iyp-Aq-JneYKq6ur2Vs8KnRqY036hBe9tg6oNY
fdunn,frank.dunn@elaris-mail.vd,116364228756359831,valdoria,citizen,vRAwGdxZuP1AsOQkaaRlvvkoD1YBW9fJ-ZO6R3dmezM
malvarez,monica.alvarez@elaris-mail.vd,116364229098692382,valdoria,citizen,c99Q7QXS3g-vhEQojMnnWECNkVZeDk1fJH06QOytx3s
jlawson,jake.lawson@elaris-mail.vd,116364229415635034,valdoria,citizen,YzF9_NPsetmFhm2e0L4hejUTHsypjZn_M8g23spUJRs
elim,eunbi.lim@elaris-mail.vd,116364229731952940,valdoria,citizen,VAtMm9vj-xZIgDHi8MaCrV9NC4mLlkJ6Mfr1OKGG17A
dmeyer,douglas.meyer@elaris-mail.vd,116364230078196508,valdoria,citizen,31Y1JLl5YwxWPnKM6a3LujCEcaKep3BvtC1I3xCeOM4
psharma,priya.sharma@elaris-mail.vd,116364230391980723,valdoria,citizen,DMqzyrgrVxcH9odjtlhCabvq-70PNcOZFdRcfsvy4Ac
vnguyen,victor.nguyen@elaris-mail.vd,116364230722599180,valdoria,citizen,ZAtovQz9Zjlt9fAEtAIE6dvO-tKVue-r5eCm636Y4As
cdonovan,claire.donovan@elaris-mail.vd,116364231042330176,valdoria,citizen,uf33BdiLBsKpRcgvWcPlWGb3YRaBO7_Axd2Qf_pgj9c
rcho,ryan.cho@elaris-mail.vd,116364231359557605,valdoria,citizen,Tvbt4tCyuKZKX-uOojdUBVqjg5LgXgr8Af1u6y3uvGU
seriksen,sandra.eriksen@elaris-mail.vd,116364231677218705,valdoria,citizen,Q7FRfkh7wa2GixfwaJkCiwUR0hJSmbfpR-WayCZT7Ks
tkwon,taehyun.kwon@elaris-mail.vd,116364231996554011,valdoria,citizen,VJw6p6s8vJhNoLLunyob-CyO7W6oNaY_7EDB5fLNUuw
awhitmore,angela.whitmore@elaris-mail.vd,116364232312641219,valdoria,citizen,Gs5zAvzZ9vpkdpCMEHpPfdawbf29mf6J-DeizaWxQcg
rsuh,raymond.suh@elaris-mail.vd,116364232625568484,valdoria,citizen,S4VzI4Lgs2ohQmHuZ0qT5eI36Vkwe_c47bRX2vIrNHg
jokafor,jasmine.okafor@valdoria-univ.edu.vd,116364232938379824,valdoria,citizen,ADqRR4VIttRL7I2pzLO85V7c4WsfpnpapI7HMsOsy84
hchen,howard.chen@elaris-mail.vd,116364233260208748,valdoria,citizen,qF8Sp3SBm_w8MI6oPijLMxNNhKlDWCbGfnmob-2rq3M
lcastellano,lauren.castellano@elaris-mail.vd,116364233578893679,valdoria,citizen,gJgqyReAG-kYLs6TKWC0EBvYk3Ep7ZW4cw0F7fi3Ciw
srowe,steven.rowe@elaris-mail.vd,116364233894294864,valdoria,citizen,l1XfVgNAWOMC_JT7WfNYoYbqMiXMpXCNthT3a9K2hdM
mjung,mirae.jung@elaris-mail.vd,116364234216897505,valdoria,citizen,yoV7RCJI6GFtmUKnogihHnqPaYkdKmTttolJjfty-44
dcrawford,dennis.crawford@elaris-mail.vd,116364234532929941,valdoria,citizen,vD9SGu1c0g_xgB8ZCw1lcM0gf_Vj6wbx11aO-0QEobs
tellis,tamara.ellis@elaris-mail.vd,116364234862748820,valdoria,citizen,8jJTlcfBw10e_pEH8PYcX7xDJp5N1AFJV2xJhY9lGe0
jbaek,junho.baek@elaris-mail.vd,116364235181061434,valdoria,citizen,TucGjC09ARgaUi9BgNLI9Bs31mjUACvuul4Xp3CSs3s
cwells,catherine.wells@vnb.valdoria.vd,116364235508496348,valdoria,media,8vwpj2Wc2aFIXEWBkGAxY8vIbpT5-RO4DgDCv0hG4aE
myang,marcus.yang@vnb.valdoria.vd,116364235858121165,valdoria,media,IuLnbZKdwa2na6YRsQ0jjOWvqcq3qI_9IB9zOFSRSvo
jkirk,joanna.kirk@elaris-tribune.vd,116364236187692365,valdoria,media,AcMg2wAEvf0oJmTQPyKhyAuEdT6q4twsBVgfjmv7I-A
dseo,david.seo@elaris-tribune.vd,116364236512137101,valdoria,media,NeyDvezk5Bv-pmlk8Iu9fZRQ6NMSOS-25gyGZI205RU
hdrake,helen.drake@vnb.valdoria.vd,116364236823597784,valdoria,media,9oTw8E0JAlra4cUihZE5CA60U5yAe0Mq-TfCZ1xRr3M
vgovernment,official@gov.valdoria.gov,116364237134587310,valdoria,official,MFd1LbSDsdGegjg9XjLE9h4SEOpU8fxYUaYWa-dLrTs
kgovernment,official@gov.krasnovia.kn,116364237488152086,krasnovia,official,n-fQksYOuy0n11oUbiKpSvAw7oSsIuSqirtLG9IYJSc
sscc,official@scc.krasnovia.kn,116364237809131575,krasnovia,official,hvinUNn6w6QtPxh4JsPvkpY_DpF75y13AiAAl3Hayto
ktoday,editor@krasnovia-today.kn,116364238124494899,krasnovia,media,qevpFNcF--K97P05k5O1XYu-vmyL15DkYI04MoYUumc
amorozov,alex.morozov@elaris-mail.vd,116364238457998382,krasnovia,disguised,99q4UGtiAjlw2zfpNi0e37bXwk3s-wzC2D2atMcVy2Y
ivolkov,irina.volkov@elaris-mail.vd,116364238776558035,krasnovia,disguised,Vl7Pa3omodK6ROoKTcNkSmsNRPGXf3cfH1LUYSaf4qc
dpetrov,dmitri.petrov@elaris-mail.vd,116364239093317890,krasnovia,disguised,YeuVesNMxYmik7V6QQvTugM8ZkUV3bhKGgF2WnphK8c
nkuznetsova,natasha.k@elaris-mail.vd,116364239481157099,krasnovia,disguised,sAzWVvjU1QQWROaN2Ink-KHMDBqZxYNa_LMeJcS0cpA
vsokolov,viktor.sokolov@elaris-mail.vd,116364239815836591,krasnovia,disguised,y5WHBYVP9F0bNAi8dqqidSpOyLG-oR_JATjX0zJuKgo
ofedorova,olga.fedorova@elaris-mail.vd,116364240154134199,krasnovia,disguised,46XoO-JZ_G9rwEgvhdhTjQhjqWZL6YdPajxMkEi9riU
skozlov,sergei.kozlov@elaris-mail.vd,116364240476086496,krasnovia,disguised,AVuFUoZ5Q48lDlXtBmLr7jpTu7LUpte3F7DBHBJfsTQ
ypopova,yelena.popova@elaris-mail.vd,116364240789641383,krasnovia,disguised,0cXDU35HwA4cmXBD_SOZkdtj_v-ZSFqLdXrfUvTi5Ac
anovikov,andrei.novikov@elaris-mail.vd,116364241107827017,krasnovia,disguised,aR-_FN8GT-9h4NHUVY15BfyEjEBsHME4zI6BFmgVnlI
mivanova,marina.ivanova@elaris-mail.vd,116364241425608518,krasnovia,disguised,Flvze--HoDS4ih7I10TlI_hylYvQLFqIc0CtNyYIWFc
ak,alexk9281@elaris-mail.vd,116364241741074960,krasnovia,bot,N1quvlXigNC39SxHCYao6zC0Vcf2TZ0a9iAW5y5yqOA
jm,jordanm4452@elaris-mail.vd,116364242067188287,krasnovia,bot,zcFct885uRyPofU1pscE6Gvx11kMxEcaoy7k3SGPLZY
slee,samlee7731@elaris-mail.vd,116364211656748652,krasnovia,bot,pmzWL4aBsoZkltiXwbhLxe8wMMrcB6F1T6BGS4xltR0
ps,pats2209@elaris-mail.vd,116364242686249533,krasnovia,bot,GtAv9mptRZjz5e46R8xw04WCj6vE3sWz7FFXHABDSxE
cr,caseyr8844@elaris-mail.vd,116364243008279785,krasnovia,bot,4zDiuyod50hPgngwzvqPtSwgTgJtWSHpR6Y0enT3ims
rj,robinj6650@elaris-mail.vd,116364243324806325,krasnovia,bot,7iGHXyokrsLloVO9MXoM3Mm0Zasxo6SxsH6VuxN-g2A
tw,taylorw3317@elaris-mail.vd,116364243645618928,krasnovia,bot,WNovMx2u01I9s97og8nTa8TIRY3Vyw-4ZNdyCnBqu6I
tgovernment,official@gov.tarvek.tk,116364243958114766,tarvek,official,Nt6TsGs0bSY_bWJ8sj8OmFjSO_6sxsA-FOarWBgqKzA
gcipher,gorgon_cipher@darknet.tk,116364244303369282,tarvek,gorgon,9AcE2VdxxjKCqP3TYk6cWSa0FpE53Q8ZuvviACSCeEo
mdemir,murat.demir@elaris-mail.vd,116364244909093256,tarvek,disguised,L9gI6XKPrNHMwOWaQvbCUm9heJ23mwbVYHw0kqAmS9w
earslan,elif.arslan@elaris-mail.vd,116364245231820088,tarvek,disguised,qxW6zQB1C7d6JBUZRIjgfe8Y-aBIZmd47gKl1s3zdSQ
agovernment,official@gov.arventa.av,116364245542034963,arventa,official,UmI_g4fi_5a8krivPl-w72Oj7_ISHrPhTJceU_wDmFs
lferrante,lucia.ferrante@mnn-international.av,116364245873340657,arventa,media,uNXDenG_IOCUsyEFVONUUyx_kFDgJTc7B4NKbMV0G_s
mbianchi,marco.bianchi@arventa-mail.av,116364246192103686,arventa,citizen,C4aTcGbuaCdd8MWjs5FMUJZKRF7rNK63FIDEhcvrpt8
snavarro,sofia.navarro@arventa-mail.av,116364246511841031,arventa,citizen,QUKkzV2x-Vv-q1SQsUNUVJ47uBSJZpBagXCXUJKYPyM
lgreco,luca.greco@arventa-mail.av,116364246850300993,arventa,citizen,-aXBI1EKT8uyEso5qN0rNLz0cXQU7Nr8eoU56pJjFgk
